position,player_name,total_score,r4_score,sg_putt,sg_arg,sg_app,sg_ott,sg_t2g,sg_total,distance,accuracy,gir,prox_fw,prox_rgh,scrambling,great_shots,poor_shots,sg_bs,year
1,"Matsuyama, Hideki",-10,1.0,0.226,1.401,1.5,0.35,3.251,3.477,297.125,0.6428575,0.694445,32.93322115384615,69.0429,0.6774187096774194,5.25,3.5,1.85,2021
2,"Zalatoris, Will",-9,-2.0,1.216,0.067,0.968,0.976,2.011,3.227,305.125,0.69643,0.7361125000000001,38.172396078431376,62.320616666666666,0.566667,4.75,3.25,1.943,2021
T3,"Schauffele, Xander",-7,0.0,-0.267,1.512,0.651,0.831,2.994,2.727,312.925,0.7321425,0.7083325,30.922512727272725,60.87375555555555,0.6333313333333334,5.25,5.25,1.482,2021
T3,"Spieth, Jordan",-7,-2.0,-0.876,1.699,1.119,0.785,3.603,2.727,303.25,0.7499975,0.77778,31.89460357142857,76.63392,0.5172413793103448,3.75,3.25,1.903,2021
T5,"Rahm, Jon",-6,-6.0,0.084,0.884,-0.197,1.705,2.393,2.477,310.175,0.75,0.6944425000000001,33.03235344827586,53.10090714285714,0.7142875,3.75,3.75,1.509,2021
T5,"Leishman, Marc",-6,1.0,0.435,1.029,1.466,-0.453,2.042,2.477,295.54999999999995,0.5178575,0.6388875,30.796772222222224,55.71112666666667,0.6333336666666667,2.25,2.0,1.013,2021
7,"Rose, Justin",-5,2.0,1.511,0.258,0.642,-0.184,0.716,2.227,290.45,0.6607149999999999,0.6944425,40.692089090909086,73.97987142857143,0.5714289285714286,4.5,4.25,0.458,2021
T8,"Conners, Corey",-4,2.0,-0.184,-0.533,2.307,0.386,2.161,1.977,293.4,0.7857149999999999,0.7222225,32.33991694915254,36.19258333333333,0.4444448148148148,3.75,4.5,2.694,2021
T8,"Reed, Patrick",-4,-3.0,1.68,0.129,0.392,-0.224,0.297,1.977,294.76666666666665,0.6607149999999999,0.52778,32.70681176470588,90.76920909090909,0.6136343181818182,3.5,3.5,0.169,2021
T10,"Smith, Cameron",-3,-2.0,-0.171,0.912,0.652,0.335,1.898,1.727,296.85,0.6785725,0.7083325,38.3174,72.64264285714285,0.6551717241379311,3.75,3.0,0.987,2021
T10,"Finau, Tony",-3,0.0,-0.184,1.595,0.913,-0.596,1.911,1.727,305.225,0.55357,0.51389,29.76183725490196,55.1848,0.6666683333333333,3.25,4.25,0.317,2021
T12,"Simpson, Webb",-2,-2.0,1.184,0.122,0.956,-0.786,0.293,1.477,287.26666666666665,0.69643,0.625,34.58824705882353,48.11590833333334,0.6756751351351351,5.0,3.75,0.17,2021
T12,"Cink, Stewart",-2,-1.0,0.798,0.163,0.729,-0.213,0.679,1.477,302.325,0.5892850000000001,0.63889,37.773909090909086,84.35223125,0.6129048387096774,3.0,4.0,0.516,2021
T12,"Harman, Brian",-2,2.0,0.756,-0.228,0.602,0.347,0.721,1.477,292.975,0.6785725,0.680555,34.76396153846154,68.29948571428571,0.5675675675675675,2.75,3.0,0.949,2021
T12,"Kim, Si Woo",-2,0.0,0.155,-0.46,2.14,-0.358,1.322,1.477,291.5,0.7142850000000001,0.6249975,28.30388,48.332460000000005,0.5882338235294118,4.25,3.25,1.782,2021
T12,"Na, Kevin",-2,-1.0,1.802,0.122,-0.58,0.133,-0.325,1.477,290.55,0.7499975,0.569445,42.87947368421053,84.38973636363636,0.6976723255813954,2.5,2.75,-0.447,2021
T12,"MacIntyre, Robert",-2,0.0,0.909,0.851,-0.598,0.315,0.568,1.477,298.175,0.6785749999999999,0.625,45.195078181818175,70.84013636363636,0.6000005714285714,4.25,4.0,-0.283,2021
T18,"Scheffler, Scottie",-1,-1.0,-0.58,0.317,0.854,0.635,1.807,1.227,306.875,0.6607175,0.680555,34.546501785714284,58.60698000000001,0.5882355882352941,3.5,3.5,1.489,2021
T18,"Morikawa, Collin",-1,-2.0,-0.143,0.147,0.612,0.611,1.37,1.227,293.725,0.80357,0.7083325,36.05566851851852,73.102925,0.4571425714285714,3.5,5.0,1.223,2021
T18,"Hatton, Tyrrell",-1,-4.0,0.014,1.038,0.242,-0.066,1.213,1.227,293.7,0.6607175,0.569445,37.88534237288136,76.40495384615384,0.6571457142857142,3.0,4.5,0.175,2021
T21,"Thomas, Justin",0,1.0,-0.257,1.223,0.223,-0.213,1.234,0.977,307.675,0.5535725,0.6666675,34.45714782608695,75.5024,0.63889,4.0,4.0,0.01,2021
T21,"Mickelson, Phil",0,0.0,-0.85,0.69,0.707,0.429,1.827,0.977,297.45,0.6785725,0.6666675,30.49167346938776,73.23920666666666,0.606060909,3.0,4.25,1.136,2021
T21,"English, Harris",0,-2.0,0.758,0.036,0.035,0.147,0.219,0.977,296.875,0.7678575,0.6250025,39.84394761904762,49.84125714285714,0.6176467647058823,2.0,3.25,0.182,2021
T21,"Lowry, Shane",0,0.0,0.106,-0.224,1.487,-0.392,0.871,0.977,301.00701754385966,0.625,0.6805574999999999,30.070619298245614,92.86273076923077,0.6296292592592592,4.0,3.75,1.095,2021
T21,"Hovland, Viktor",0,1.0,0.218,0.265,-0.789,1.283,0.759,0.977,302.9,0.767855,0.583335,42.93322181818181,63.75370833333333,0.5531923404255319,4.0,5.75,0.494,2021
T26,"Oosthuizen, Louis",1,-1.0,0.454,0.081,0.368,-0.175,0.273,0.727,285.475,0.7499975,0.6666675,35.605358064516125,80.26783333333333,0.5925925925925926,3.25,2.75,0.192,2021
T26,"Watson, Bubba",1,0.0,-0.433,-0.437,0.65,0.947,1.16,0.727,302.40000000000003,0.6964275,0.680555,36.820075,49.973175,0.5294111764705882,3.5,3.25,1.597,2021
T26,"Poulter, Ian",1,-2.0,1.588,0.289,-0.607,-0.543,-0.861,0.727,277.42499999999995,0.75,0.4861075,37.91177966101695,70.0398,0.6829287804878048,4.0,2.5,-1.15,2021
T26,"Casey, Paul",1,-3.0,-0.572,0.594,1.064,-0.36,1.299,0.727,299.325,0.5892875,0.63889,32.403778181818176,70.76427692307692,0.566668,4.5,5.25,0.704,2021
T26,"Jones, Matt",1,0.0,0.3,-0.109,0.459,0.077,0.427,0.727,304.05,0.6250025,0.6527775,40.616019607843135,72.10198235294118,0.5675664864864864,3.75,4.0,0.536,2021
T26,"Ancer, Abraham",1,-2.0,0.361,-0.902,0.855,0.413,0.366,0.727,288.775,0.8214275,0.625,33.42387258064516,64.57985714285714,0.540541892,2.75,3.25,1.268,2021
T26,"Schwartzel, Charl",1,0.0,0.159,-0.84,0.742,0.666,0.568,0.727,295.75,0.80357,0.6805574999999999,36.32286885245902,81.34127,0.5588258823529412,2.0,3.25,1.408,2021
T26,"Champ, Cameron",1,0.0,-0.503,-0.09,-0.121,1.441,1.23,0.727,318.775,0.7142850000000001,0.6250025,37.24633448275862,67.034425,0.5428571428571428,6.0,3.5,1.32,2021
T34,"Palmer, Ryan",2,3.0,0.472,-0.861,0.892,-0.025,0.005,0.477,305.35,0.6250025,0.6388875,29.81690535714285,71.43205555555555,0.468746875,4.5,3.75,0.866,2021
T34,"Thompson, Michael",2,-1.0,-0.088,0.075,-0.25,0.74,0.565,0.477,289.95,0.75,0.6111125000000001,41.94945714285714,43.17107272727273,0.5609773170731707,3.0,3.5,0.49,2021
T34,"Fitzpatrick, Matt",2,1.0,-0.384,-0.363,0.109,1.115,0.861,0.477,297.075,0.8749975,0.6527775,40.534498305084746,94.07168,0.4615402564102564,3.0,3.5,1.224,2021
T34,"Wallace, Matt",2,1.0,-0.485,0.823,0.477,-0.338,0.962,0.477,286.825,0.71429,0.6527775,34.644152727272726,79.96566,0.5142834285714285,4.5,4.75,0.139,2021
T38,"Laird, Martin",3,2.0,-0.843,-0.26,1.9,-0.57,1.07,0.227,289.35,0.6428575,0.666665,32.499041176470584,69.64561666666665,0.5999991428571428,3.25,5.0,1.33,2021
T38,"Stenson, Henrik",3,4.0,0.895,-0.026,-0.675,0.032,-0.668,0.227,275.35,0.85714,0.597225,42.494365573770494,100.36444285714283,0.6190461904761905,2.0,2.75,-0.642,2021
T40,"Woodland, Gary",4,0.0,1.237,-0.788,-0.46,-0.012,-1.26,-0.023,305.975,0.5892875,0.6111125,36.44116851851852,63.12021538461539,0.57499875,3.75,3.5,-0.472,2021
T40,"Hughes, Mackenzie",4,4.0,-0.249,0.651,-0.48,0.056,0.226,-0.023,290.875,0.6785725,0.583335,41.69414642857143,89.34536,0.5142868571428572,2.25,3.75,-0.424,2021
T40,"Niemann, Joaquin",4,4.0,0.585,-0.412,0.011,-0.207,-0.609,-0.023,312.025,0.5892875,0.6666675,37.05797592592592,63.24431538461539,0.5454548484848485,4.5,4.75,-0.196,2021
T40,"Bezuidenhout, Christiaan",4,0.0,0.919,0.168,-0.905,-0.205,-0.942,-0.023,282.175,0.7142850000000001,0.4999975,42.97318333333334,75.60233,0.7250005,3.0,2.5,-1.11,2021
T40,"Wiesberger, Bernd",4,6.0,-0.618,0.848,-0.482,0.229,0.595,-0.023,295.475,0.7678575,0.6527775,38.88197586206896,72.67422222222221,0.6216208108108108,3.0,4.25,-0.253,2021
T40,"Munoz, Sebastian",4,2.0,-0.204,-0.038,0.325,-0.106,0.181,-0.023,293.1,0.6607149999999999,0.6527775,37.44556851851852,94.69798823529412,0.5142845714285714,2.75,4.25,0.219,2021
T46,"Fleetwood, Tommy",5,4.0,-0.543,0.125,0.49,-0.345,0.27,-0.273,294.425,0.6428575,0.694445,32.23123148148148,61.49126875,0.4799984,2.75,3.75,0.145,2021
T46,"DeChambeau, Bryson",5,3.0,-0.238,-0.804,-0.159,0.929,-0.035,-0.273,323.575,0.5535725,0.61111,29.074079166666667,61.594465,0.5135124324324325,4.5,4.75,0.77,2021
T46,"Todd, Brendon",5,1.0,-0.113,0.244,0.485,-0.889,-0.16,-0.273,274.9456140350877,0.8392825,0.583335,35.26177230769231,64.37233333333333,0.5588214705882353,1.75,3.25,-0.404,2021
49,"Kokrak, Jason",7,5.0,0.948,-0.907,-0.33,-0.484,-1.721,-0.773,300.9,0.57143,0.5694425,37.36809629629629,75.4533625,0.5641005128205128,4.0,7.0,-0.814,2021
T50,"Horschel, Billy",8,4.0,0.674,-0.384,-1.663,0.35,-1.697,-1.023,292.625,0.7678575,0.52778,38.20436724137932,88.99972,0.613636591,1.75,3.75,-1.313,2021
T50,"Olazabal, Jose Maria",8,3.0,1.231,0.554,-1.11,-1.698,-2.254,-1.023,259.45,0.767855,0.430555,41.52779016393443,49.68662,0.7380945238095238,3.0,4.0,-2.808,2021
52,"Molinari, Francesco",9,9.0,-0.591,0.146,-0.396,-0.432,-0.682,-1.273,291.7,0.6428575,0.583335,37.40216981132075,74.12902666666666,0.5121936585365854,2.25,3.75,-0.828,2021
53,"Herman, Jim",10,4.0,-1.267,-0.491,0.003,0.233,-0.256,-1.523,294.975,0.6785725,0.625,45.04669433962264,57.5287,0.4166658333333333,2.75,4.5,0.236,2021
54,"Scott, Adam",11,1.0,0.064,-0.493,-1.696,0.353,-1.837,-1.773,303.775,0.64286,0.6111125000000001,42.79781379310345,67.792225,0.4722205555555556,4.0,6.75,-1.344,2021
1,"Scheffler, Scottie",-10,-1.0,0.715,1.437,1.44,0.763,3.64,4.355,302.25,0.767855,0.680555,46.26038421052631,52.74966363636364,0.7272742424242424,4.5,3.0,2.203,2022
2,"McIlroy, Rory",-7,-8.0,-0.223,1.931,0.812,1.085,3.828,3.605,308.075,0.6785725,0.6944425,37.41190508474576,77.19985,0.6451616129032258,5.0,3.5,1.897,2022
T3,"Smith, Cameron",-5,1.0,0.984,0.477,2.313,-0.669,2.121,3.105,296.55,0.6607149999999999,0.65278,37.83047846153846,51.00553333333333,0.5600004,5.0,5.25,1.644,2022
T3,"Lowry, Shane",-5,-3.0,1.422,1.412,-0.97,1.241,1.683,3.105,298.275,0.8214250000000001,0.6388875,39.889805172413794,50.40381428571428,0.7297321621621622,3.5,3.75,0.271,2022
5,"Morikawa, Collin",-4,-5.0,0.18,0.952,1.326,0.397,2.675,2.855,295.35,0.7857125,0.6527775,31.392038596491226,39.23457142857143,0.562502188,3.75,3.25,1.723,2022
T6,"Conners, Corey",-3,-2.0,0.225,1.132,0.644,0.604,2.38,2.605,293.85,0.732145,0.6527775,45.92372413793103,46.36307272727272,0.6111125,3.5,3.5,1.248,2022
T6,"Zalatoris, Will",-3,-5.0,1.402,0.842,-0.193,0.554,1.203,2.605,304.5,0.6964275,0.5694425000000001,41.49191129032258,62.23828888888889,0.6944436111111111,5.5,4.75,0.361,2022
T8,"Thomas, Justin",-1,0.0,0.72,0.66,1.346,-0.621,1.385,2.105,300.975,0.57143,0.5555525,35.67367059,63.19555882352941,0.675,5.0,5.75,0.725,2022
T8,"Im, Sungjae",-1,3.0,0.936,0.222,0.382,0.565,1.169,2.105,299.1,0.75,0.6111125,36.30583333333333,50.12694285714286,0.5588226470588236,4.5,4.25,0.947,2022
T10,"Schwartzel, Charl",0,2.0,-0.042,0.634,1.582,-0.319,1.898,1.855,294.625,0.69643,0.6666675,38.785474576271184,82.60359166666666,0.6296303703703703,3.0,3.25,1.263,2022
T10,"Champ, Cameron",0,-2.0,0.299,-0.134,0.858,0.833,1.556,1.855,313.925,0.732145,0.694445,33.55153035714286,53.636272727272726,0.6333323333333334,4.5,3.25,1.691,2022
T12,"Johnson, Dustin",1,0.0,-0.609,1.137,0.975,0.103,2.214,1.605,293.375,0.6607175,0.63889,42.385688888888886,52.26308125,0.62500125,3.5,3.75,1.077,2022
T12,"Willett, Danny",1,1.0,2.135,-0.086,-0.729,0.285,-0.53,1.605,296.375,0.6607149999999999,0.555555,49.24221764705882,45.8955625,0.6666664102564103,2.5,2.75,-0.444,2022
T14,"Fleetwood, Tommy",2,1.0,0.072,0.476,-0.297,1.104,1.283,1.355,303.95,0.732145,0.66667,44.54987666666666,81.66690833333334,0.7142846428571429,3.25,4.0,0.807,2022
T14,"Kokrak, Jason",2,1.0,0.491,0.529,-0.703,1.038,0.864,1.355,299.275,0.8214250000000001,0.583335,43.23835483870968,45.3912125,0.5945932432432433,2.75,3.0,0.335,2022
T14,"Gooch, Talor",2,-1.0,1.408,-0.177,0.227,-0.103,-0.052,1.355,288.55,0.7499975,0.5972200000000001,34.24933333333333,53.56587142857144,0.7096774193548387,3.0,3.25,0.125,2022
T14,"Fitzpatrick, Matt",2,-2.0,-0.094,0.229,0.041,1.18,1.449,1.355,302.2,0.7678575,0.63889,40.90652459016394,58.76481000000001,0.5151518181818182,2.0,2.5,1.22,2022
T14,"Matsuyama, Hideki",2,0.0,-0.758,1.137,0.279,0.698,2.114,1.355,298.875,0.7321425,0.555555,37.94938771929824,73.02109999999999,0.62499925,4.0,5.0,0.977,2022
T14,"Na, Kevin",2,-3.0,-0.48,-0.262,2.348,-0.251,1.835,1.355,275.92499999999995,0.8214275,0.7083349999999999,38.90299558823529,107.13213333333331,0.5200008,3.0,3.75,2.096,2022
T14,"Lee, Min Woo",2,-2.0,1.659,-0.249,-0.346,0.291,-0.304,1.355,306.3,0.7142850000000001,0.569445,37.92036825396825,65.31251428571429,0.54999825,4.75,5.0,-0.055,2022
T14,"Westwood, Lee",2,-1.0,1.673,-0.64,0.597,-0.275,-0.318,1.355,289.35,0.6785725,0.5833375000000001,34.881319999999995,62.74631428571429,0.5675675675675677,3.75,4.0,0.322,2022
T14,"Higgs, Harry",2,-1.0,-0.346,-0.097,1.688,0.11,1.701,1.355,295.975,0.7321425,0.65278,39.64688983050847,46.3511,0.5714291428571429,4.0,4.0,1.798,2022
T23,"Varner III, Harold",3,-3.0,0.513,0.192,0.078,0.322,0.592,1.105,298.125,0.7142875,0.569445,38.04766545454545,77.39929,0.5609746341463415,2.75,5.25,0.4,2022
T23,"Garcia, Sergio",3,-1.0,-0.171,-0.283,1.695,-0.136,1.276,1.105,302.52500000000003,0.607145,0.694445,38.94100925925925,27.70158,0.6071435714285713,3.0,5.0,1.56,2022
T23,"MacIntyre, Robert",3,-3.0,0.533,0.492,0.113,-0.033,0.572,1.105,298.4035087719298,0.7321425,0.4999975,40.83655161290323,58.15482,0.6944447222222222,2.75,3.75,0.081,2022
T23,"Spaun, J.J.",3,0.0,0.183,0.058,0.615,0.249,0.922,1.105,287.7,0.8035725,0.6388875,39.38147419354839,31.504175,0.6129045161290322,2.75,3.0,0.864,2022
T27,"Rahm, Jon",4,-3.0,0.348,-0.049,0.063,0.494,0.508,0.855,301.25,0.73214,0.569445,40.30206379310345,68.78955555555555,0.526315,2.25,4.0,0.557,2022
T27,"Power, Seamus",4,-2.0,-0.27,0.004,0.458,0.664,1.126,0.855,298.025,0.75,0.5555575,43.75868813559322,42.54097272727272,0.67500125,2.0,3.75,1.122,2022
T27,"Hovland, Viktor",4,1.0,0.96,-1.133,0.591,0.437,-0.105,0.855,296.45,0.7321425,0.5416675,44.06542857142857,52.59045,0.525001,3.75,4.0,1.028,2022
T30,"Swafford, Hudson",5,2.0,0.172,0.072,0.295,0.067,0.433,0.605,293.61052631578946,0.7321425,0.6388925000000001,39.78264126984127,75.64967142857142,0.5666686666666667,3.25,3.5,0.362,2022
T30,"Glover, Lucas",5,1.0,-0.51,0.604,-0.053,0.564,1.116,0.605,286.525,0.8214275,0.6388925,40.76694426229508,67.8926,0.5428582857142856,3.5,4.0,0.511,2022
T30,"Henley, Russell",5,-2.0,0.067,-0.011,0.283,0.266,0.538,0.605,291.92499999999995,0.8035725,0.65278,35.95155606060606,99.78025714285712,0.5,2.75,4.25,0.549,2022
T30,"Leishman, Marc",5,2.0,-1.607,1.441,0.786,-0.015,2.212,0.605,296.6,0.6785749999999999,0.680555,40.699098305084746,57.17283636363637,0.6666651851851851,3.0,4.5,0.771,2022
T30,"Straka, Sepp",5,-1.0,0.696,0.248,0.038,-0.377,-0.09,0.605,292.425,0.625,0.5972225,38.17341999999999,50.722025,0.625000625,4.25,4.0,-0.338,2022
T35,"Simpson, Webb",6,4.0,-0.295,0.55,-0.424,0.524,0.65,0.355,291.2,0.767855,0.5138925000000001,45.5611,54.4571,0.5555571111111111,2.75,4.0,0.1,2022
T35,"Finau, Tony",6,2.0,0.027,-0.116,-0.156,0.601,0.328,0.355,295.85,0.7142875,0.6250025,39.28759814814815,76.59300666666667,0.56250125,3.0,4.25,0.444,2022
T35,"Niemann, Joaquin",6,2.0,-0.012,-0.424,0.404,0.387,0.367,0.355,304.075,0.6607125,0.5555575,49.51668490566038,50.71809230769232,0.5217423913043479,3.5,4.0,0.791,2022
T35,"Reed, Patrick",6,2.0,1.146,-0.282,-0.551,0.041,-0.791,0.355,291.125,0.7499975,0.5694475000000001,39.74260677966102,71.94567777777777,0.6410264102564102,2.25,4.75,-0.509,2022
T39,"Watson, Bubba",7,-1.0,-0.477,-0.972,0.521,1.033,0.582,0.105,294.475,0.8035675,0.625,36.27670666666667,47.16574,0.4705876470588235,3.25,4.25,1.554,2022
T39,"Hoge, Tom",7,1.0,-0.313,0.913,-0.246,-0.248,0.419,0.105,289.10877192982457,0.75,0.5694425000000001,42.39149672131148,61.19947,0.6333326666666667,2.25,3.75,-0.494,2022
T39,"Kim, Si Woo",7,4.0,1.214,-0.713,0.34,-0.736,-1.109,0.105,285.25,0.732145,0.5,35.387966101694914,64.42462499999999,0.6341456097560976,3.0,4.75,-0.396,2022
T39,"Cantlay, Patrick",7,-1.0,-1.391,-0.251,0.811,0.936,1.496,0.105,297.725,0.75,0.625,38.43899259259259,52.88316428571429,0.5675664864864866,2.25,4.0,1.748,2022
43,"Horschel, Billy",8,-2.0,0.059,-0.57,0.827,-0.461,-0.203,-0.145,290.4684210526316,0.75,0.6527775,35.43235967741936,46.1654,0.4375,4.25,4.25,0.367,2022
T44,"Kisner, Kevin",9,5.0,-0.517,-0.242,1.166,-0.802,0.122,-0.395,284.225,0.6785725,0.555555,36.99853770491804,74.84349230769232,0.3548364516129032,3.0,5.0,0.364,2022
T44,"Bezuidenhout, Christiaan",9,4.0,0.433,-0.501,-0.116,-0.21,-0.828,-0.395,279.95,0.75,0.569445,42.03422222222222,90.66355454545456,0.6060606060606061,3.5,3.5,-0.327,2022
46,"Davis, Cam",12,1.0,-0.219,-0.452,0.149,-0.623,-0.926,-1.145,291.85,0.6785749999999999,0.5694475,40.08744590163934,93.05701111111112,0.6052652631578948,2.75,4.5,-0.474,2022
47,"Woods, Tiger",13,6.0,-1.375,-0.12,0.226,-0.127,-0.02,-1.395,290.625,0.6785725,0.5416675,39.61923859649123,51.50295833333333,0.513512973,2.5,4.25,0.1,2022
T48,"Homa, Max",14,6.0,-0.878,-1.028,0.392,-0.131,-0.767,-1.645,293.925,0.7321425,0.5416700000000001,35.99341129032258,51.6726,0.4358953846153846,2.75,5.75,0.26,2022
T48,"Scott, Adam",14,2.0,-0.106,-0.625,-0.605,-0.308,-1.538,-1.645,297.8982456140351,0.6250025,0.5694425000000001,41.207382758620696,53.77779166666667,0.5,3.25,3.5,-0.913,2022
T50,"Berger, Daniel",15,8.0,-0.387,-0.033,-0.575,-0.9,-1.508,-1.895,284.725,0.6785725,0.5138875,42.0084463,63.53373636363636,0.5365843902439025,2.75,6.75,-1.475,2022
T50,"Hughes, Mackenzie",15,6.0,-0.369,-0.177,-1.36,0.011,-1.525,-1.895,294.2,0.6964325,0.5000025,52.74712777777778,62.0682875,0.5365865853658537,2.0,4.5,-1.349,2022
52,"Hatton, Tyrrell",17,8.0,-1.371,0.183,-0.694,-0.514,-1.024,-2.395,296.2561403508772,0.625,0.5833325,40.3882,77.70430769,0.571428,2.25,6.0,-1.207,2022
1,"Rahm, Jon",-12,-3.0,0.495,0.775,1.205,1.579,3.559,4.01,301.5,0.8571425,0.7222225,38.52907230769231,33.1543,0.7777792592592592,4.75,2.0,2.784,2023
T2,"Koepka, Brooks",-8,3.0,1.232,-0.373,1.617,0.578,1.822,3.01,301.95,0.7857149999999999,0.6666675,31.04423585,44.9164125,0.6969678787878788,3.5,2.5,2.195,2023
T2,"Mickelson, Phil",-8,-7.0,1.243,-0.171,1.173,0.809,1.811,3.01,293.95,0.8214250000000001,0.65278,36.01105172413793,52.95525,0.593750625,5.5,2.75,1.982,2023
T4,"Henley, Russell",-7,-2.0,1.24,1.423,0.057,0.085,1.564,2.76,282.075,0.892855,0.6666675,38.3827375,72.158,0.7857142857142857,3.0,2.0,0.141,2023
T4,"Spieth, Jordan",-7,-6.0,0.844,0.771,0.662,0.527,1.96,2.76,298.475,0.7321425,0.61111,33.69855892857143,65.30774545454545,0.6666666666666667,3.75,3.0,1.189,2023
T4,"Reed, Patrick",-7,-4.0,0.827,1.001,0.837,0.14,1.978,2.76,286.45000000000005,0.80357,0.625,39.76470163934427,67.10562222222222,0.6363651515151515,4.25,3.25,0.977,2023
T7,"Hovland, Viktor",-6,2.0,0.813,0.057,0.731,0.953,1.741,2.51,296.675,0.875,0.6111125000000001,37.65314838709678,40.40195,0.5999994285714285,5.0,4.0,1.684,2023
T7,"Young, Cameron",-6,-4.0,1.152,-0.239,0.044,1.598,1.403,2.51,308.725,0.8392825,0.6666675,36.26359047619047,125.56086,0.5428602857142857,6.25,3.25,1.641,2023
9,"Theegala, Sahith",-5,-5.0,0.81,0.335,0.438,0.722,1.495,2.26,300.175,0.7857125,0.65278,35.48940938,122.04334,0.5806445161290322,4.5,2.25,1.16,2023
T10,"Scheffler, Scottie",-4,-2.0,-1.157,0.382,1.711,1.12,3.212,2.01,303.05,0.7321425,0.76389,28.71261578947368,80.00502,0.6086943478260869,3.25,3.5,2.83,2023
T10,"Schauffele, Xander",-4,-1.0,0.009,0.732,1.226,0.088,2.045,2.01,294.575,0.7678575,0.7222225,36.113439655172414,62.324025,0.6428575,3.0,4.0,1.313,2023
T10,"Fitzpatrick, Matt",-4,-2.0,0.782,-0.727,1.038,0.961,1.272,2.01,300.225,0.7857125,0.6388875,35.93296440677966,79.72995,0.6451629032258064,3.25,3.25,2.0,2023
T10,"Morikawa, Collin",-4,0.0,0.606,0.255,0.757,0.436,1.449,2.01,298.2,0.80357,0.6388925000000001,33.14892241,42.849625,0.6875,3.25,3.25,1.193,2023
T14,"Woodland, Gary",-3,0.0,0.607,-0.354,1.092,0.46,1.198,1.76,300.75,0.7500025,0.7083349999999999,35.388130909090904,77.54108889,0.558824706,3.0,4.0,1.552,2023
T14,"Cantlay, Patrick",-3,3.0,-0.975,0.616,1.543,0.62,2.779,1.76,299.675,0.80357,0.75,39.32652333333333,76.2937,0.6000004000000001,4.5,5.0,2.163,2023
T16,"Niemann, Joaquin",-2,0.0,0.902,0.497,-0.96,1.114,0.652,1.51,312.275,0.7321425,0.6111125000000001,36.18748771929825,74.43468,0.5526328947368421,4.0,4.5,0.155,2023
T16,"Lowry, Shane",-2,1.0,-0.42,0.67,0.157,1.148,1.974,1.51,292.7,0.892855,0.708335,43.66253235294118,48.5598,0.6086960869565217,3.5,3.0,1.305,2023
T16,"Matsuyama, Hideki",-2,3.0,-0.484,1.145,0.761,0.132,2.038,1.51,280.8,0.8571425,0.6111125000000001,37.18627813,65.83109999999999,0.6666650000000001,2.75,3.5,0.893,2023
T16,"Im, Sungjae",-2,0.0,0.044,0.629,0.84,0.041,1.51,1.51,284.05,0.7678575,0.5972225,39.33409636363636,71.15039166666668,0.6111111111111112,3.5,3.0,0.881,2023
T16,"Rose, Justin",-2,1.0,1.516,0.416,0.064,-0.442,0.038,1.51,289.325,0.7499975,0.5972225,36.19556393442623,68.3896,0.71875125,3.5,3.5,-0.379,2023
T16,"Kim, Tom",-2,-2.0,0.415,-0.09,0.632,0.597,1.139,1.51,289.225,0.8392850000000001,0.7083325,36.74646612903226,52.81338,0.5666676666666667,3.25,3.5,1.229,2023
T16,"Bennett, Sam",-2,2.0,0.262,0.35,1.042,-0.099,1.292,1.51,289.475,0.80357,0.6388875,38.14255469,70.35023333333332,0.6774209677419355,3.5,3.0,0.942,2023
T23,"Kirk, Chris",-1,-1.0,0.766,0.468,0.592,-0.522,0.538,1.26,284.25,0.8214275,0.597225,40.57797878787879,50.2024,0.656249375,3.5,3.75,0.07,2023
T23,"Bradley, Keegan",-1,-1.0,0.45,0.845,-0.114,0.122,0.854,1.26,286.725,0.7857149999999999,0.5416675,43.77456393442623,39.91406666666666,0.6969724242424242,3.25,3.25,0.008,2023
T23,"Lee, K.H.",-1,0.0,-0.339,0.474,0.576,0.594,1.643,1.26,292.05,0.85714,0.597225,44.65905714285714,63.51448333333334,0.6,2.75,4.5,1.169,2023
T26,"Stallings, Scott",0,0.0,0.823,0.001,-0.008,0.238,0.231,1.01,298.525,0.69643,0.6111125000000001,32.61261896551724,56.36985,0.593751563,3.5,2.25,0.23,2023
T26,"Finau, Tony",0,0.0,-0.478,0.848,1.128,-0.443,1.532,1.01,294.17499999999995,0.75,0.666665,34.600527586206894,78.96467142857142,0.6206903448275862,2.5,4.25,0.684,2023
T26,"Fox, Ryan",0,1.0,0.218,0.145,0.479,0.212,0.836,1.01,298.775,0.64286,0.6527775,40.61206724137931,99.08003571428571,0.566667,4.75,4.75,0.691,2023
T29,"Burns, Sam",1,0.0,-0.051,-0.378,0.59,0.642,0.855,0.76,303.62982456140344,0.8214275,0.6944425,33.62836875,80.42808,0.4814833333333333,4.0,5.5,1.232,2023
T29,"Kim, Si Woo",1,0.0,0.036,0.184,0.634,-0.05,0.768,0.76,286.05,0.8214275,0.5972225,44.13062096774193,62.160375,0.5675683783783784,2.5,4.5,0.584,2023
T29,"Varner III, Harold",1,-2.0,1.212,-0.135,-0.783,0.511,-0.408,0.76,298.625,0.732145,0.5416700000000001,43.2113640625,51.33835,0.6857125714285714,3.5,3.5,-0.272,2023
T29,"Hughes, Mackenzie",1,-2.0,0.326,0.041,1.146,-0.709,0.478,0.76,288.75,0.6785725,0.5833325,34.07174262295082,78.71979999999999,0.5757584848484849,5.0,4.75,0.437,2023
33,"Fleetwood, Tommy",3,2.0,0.301,-0.205,-0.214,0.422,0.003,0.26,294.025,0.7857125,0.5833325,39.38085254237288,47.5562,0.615384359,3.0,3.25,0.208,2023
T34,"Smith, Cameron",4,3.0,0.847,0.031,-0.037,-0.787,-0.793,0.01,284.725,0.6250025,0.5,38.63620892857143,62.23253571428572,0.5526318421052632,3.5,4.5,-0.824,2023
T34,"Gooch, Talor",4,1.0,0.32,-0.342,0.4,-0.325,-0.266,0.01,288.125,0.7857125,0.625,38.57014193548388,84.36903333333332,0.6176497058823529,3.25,4.0,0.076,2023
T34,"Poston, J.T.",4,-2.0,0.001,0.122,0.63,-0.698,0.053,0.01,286.975,0.6964275,0.6250025,37.96642807017544,50.79739090909091,0.6060630303030303,2.0,3.25,-0.069,2023
T34,"Hatton, Tyrrell",4,4.0,-0.201,-0.165,0.406,0.013,0.254,0.01,294.5,0.7142875,0.625,39.74900350877193,94.152525,0.6176491176470589,2.75,3.25,0.419,2023
T34,"Johnson, Zach",4,1.0,-0.649,0.336,0.318,0.05,0.704,0.01,287.375,0.7857149999999999,0.694445,42.98499688,41.34985,0.5555544444444445,2.25,2.5,0.368,2023
T39,"Day, Jason",5,8.0,-0.056,0.309,0.018,-0.468,-0.141,-0.24,291.07586206896553,0.7142875,0.597225,41.27742950819672,78.58106000000001,0.606060303,4.0,4.75,-0.449,2023
T39,"Ancer, Abraham",5,4.0,0.593,-0.745,-0.129,0.086,-0.789,-0.24,282.575,0.80357,0.625,45.29849047619048,71.64983636363635,0.5517224137931035,3.5,5.25,-0.043,2023
T39,"Scott, Adam",5,2.0,0.227,0.635,-1.559,0.5,-0.423,-0.24,304.05,0.75,0.63889,39.98943692307693,74.24304285714285,0.5862048275862068,2.75,5.5,-1.058,2023
T39,"Moore, Taylor",5,6.0,0.011,-0.398,-0.008,0.2,-0.206,-0.24,301.825,0.6607125,0.5972225,37.390330909090906,85.09950769,0.5675686486486486,4.0,4.75,0.192,2023
T43,"Homa, Max",6,6.0,-0.146,-0.211,0.861,-0.949,-0.299,-0.49,285.725,0.67857,0.569445,33.114255769230766,68.57875384615384,0.4999975,3.0,6.0,-0.088,2023
T43,"English, Harris",6,3.0,0.554,0.499,-1.287,-0.213,-1.0,-0.49,283.45,0.78571,0.5972225,48.2715253968254,32.9031125,0.696970606,1.5,4.75,-1.499,2023
T43,"Pereira, Mito",6,1.0,-1.322,-0.995,1.288,0.584,0.876,-0.49,302.175,0.71429,0.694445,35.920745454545454,53.037641666666666,0.406247188,3.25,5.25,1.871,2023
T46,"Power, Seamus",7,5.0,1.123,-1.45,0.332,-0.7,-1.819,-0.74,292.47719298245613,0.6964275,0.52778,38.26132542372881,61.3789,0.4390226829268293,4.5,5.75,-0.368,2023
T46,"Straka, Sepp",7,6.0,0.429,-0.147,-1.704,0.726,-1.125,-0.74,296.54999999999995,0.7321425,0.5277775,43.48765,103.47268461538462,0.604649535,3.25,5.0,-0.978,2023
T48,"Johnson, Dustin",8,3.0,-1.196,-0.648,0.512,0.386,0.25,-0.99,300.3070175438596,0.73214,0.66667,33.26908421052632,83.1071,0.4285734285714285,2.75,4.75,0.898,2023
T48,"Pieters, Thomas",8,5.0,-1.904,-0.005,0.605,0.358,0.958,-0.99,295.275,0.7321425,0.5555575,35.21915172413793,70.21495,0.5000019444444445,4.0,6.25,0.963,2023
T50,"Schwartzel, Charl",9,5.0,-0.153,-0.299,0.263,-1.006,-1.042,-1.24,286.25,0.5535725,0.5972225,33.84594821428571,83.89312142857142,0.5882376470588235,2.75,3.5,-0.744,2023
T50,"Couples, Fred",9,4.0,-0.129,0.504,-0.536,-1.035,-1.067,-1.24,273.2,0.7321425,0.5416650000000001,45.74350156,84.62191,0.4999975,2.25,3.25,-1.571,2023
52,"Horschel, Billy",12,7.0,0.631,-0.966,-0.946,-0.665,-2.577,-1.99,287.825,0.6607149999999999,0.5833325,39.307237931034486,106.83583333333334,0.5428582857142856,3.75,6.5,-1.611,2023
53,"Mitchell, Keith",14,7.0,-0.364,-0.627,-1.317,-0.138,-2.082,-2.49,301.2333333333333,0.6607149999999999,0.6250025,43.65289180327869,76.05516153846155,0.4242421212121212,3.25,5.0,-1.454,2023
1,"Scheffler, Scottie",-11,-4.0,0.455,1.966,0.779,1.372,4.117,4.572,313.325,0.7857125,0.63889,38.8399596491228,50.37893,0.6578963157894737,4.75,3.25,2.151,2024
2,"Aberg, Ludvig",-7,-3.0,1.998,-0.575,0.876,1.273,1.574,3.572,316.525,0.7857125,0.61111,36.02533442622951,114.07691666666666,0.6666666666666667,5.25,3.5,2.149,2024
T3,"Fleetwood, Tommy",-4,-3.0,0.579,0.724,0.992,0.528,2.243,2.822,298.925,0.8392825,0.63889,43.82917813,95.642,0.656250938,2.75,2.25,1.52,2024
T3,"Homa, Max",-4,1.0,0.705,0.515,1.07,0.533,2.118,2.822,302.45,0.80357,0.7083325,38.58820333333333,40.796325,0.5769215384615385,2.75,2.25,1.603,2024
T3,"Morikawa, Collin",-4,2.0,0.847,0.152,1.346,0.478,1.975,2.822,299.6,0.82143,0.694445,35.18652,77.136275,0.64706,4.0,3.25,1.824,2024
T6,"Smith, Cameron",-2,-1.0,1.062,1.514,-0.092,-0.163,1.26,2.322,297.275,0.69643,0.5972225,42.23845344827586,68.37861666666666,0.7941170588235295,2.75,3.0,-0.254,2024
T6,"DeChambeau, Bryson",-2,1.0,0.408,-0.282,0.498,1.699,1.914,2.322,320.825,0.75,0.61111,40.45474642857143,68.5848,0.5384625641025641,5.75,2.75,2.197,2024
8,"Schauffele, Xander",-1,1.0,0.408,0.272,1.228,0.165,1.665,2.072,307.375,0.64286,0.625,36.564941818181815,62.5002,0.6756745945945947,3.0,2.5,1.393,2024
T9,"Hatton, Tyrrell",0,-3.0,0.118,1.116,0.4,0.189,1.705,1.822,306.275,0.69643,0.5416650000000001,45.46614032258065,88.97793333333334,0.756755946,5.5,4.5,0.589,2024
T9,"Zalatoris, Will",0,-3.0,-0.461,0.463,1.272,0.548,2.282,1.822,302.27500000000003,0.75,0.597225,38.63150701754385,55.79756666666667,0.4857154285714286,3.75,4.5,1.82,2024
T9,"Young, Cameron",0,1.0,0.75,-0.706,0.572,1.206,1.072,1.822,311.0,0.7500025,0.680555,42.85858644067797,45.64732222222222,0.4722233333333333,4.75,4.25,1.778,2024
T12,"Schenk, Adam",1,1.0,0.513,0.276,0.406,0.377,1.059,1.572,303.9,0.6964275,0.6666675,42.91761694915255,67.44968333333333,0.6428592857142856,3.0,3.0,0.783,2024
T12,"Reed, Patrick",1,0.0,0.949,1.181,0.021,-0.579,0.624,1.572,297.275,0.6964325,0.47222,43.88467543859649,76.74564545454545,0.7446778723404256,3.75,4.75,-0.557,2024
T12,"Davis, Cam",1,3.0,0.759,-0.23,0.9,0.145,0.813,1.572,295.275,0.80357,0.583335,38.94289464285714,74.1912,0.6578942105263157,3.25,4.0,1.044,2024
T12,"Pavon, Matthieu",1,0.0,0.257,0.681,-0.402,1.036,1.316,1.572,309.525,0.80357,0.6388875,38.19899516129032,89.0467,0.6666684848484848,2.75,3.0,0.635,2024
T16,"Kirk, Chris",2,1.0,0.969,-0.152,0.645,-0.139,0.354,1.322,306.775,0.732145,0.625,34.13180313,59.86413333333333,0.599999,3.75,4.75,0.506,2024
T16,"An, Byeong Hun",2,3.0,-0.966,0.962,0.453,0.873,2.288,1.322,316.75,0.6785725,0.6111125,40.39881818181818,61.647891666666666,0.5526326315789474,5.5,6.0,1.326,2024
T16,"Straka, Sepp",2,0.0,-0.475,0.075,0.935,0.787,1.797,1.322,301.325,0.80357,0.6666675,39.062266666666666,82.49080000000001,0.5714271428571428,2.0,3.5,1.722,2024
T16,"Hojgaard, Nicolai",2,4.0,0.509,0.987,-0.41,0.235,0.813,1.322,314.4,0.6607149999999999,0.541665,36.89830892857143,65.15722727272728,0.6571434285714286,4.25,4.5,-0.174,2024
T20,"Glover, Lucas",3,3.0,0.752,-0.521,0.669,0.172,0.321,1.072,294.125,0.8214275,0.5833325,39.34246349206349,71.3497875,0.6060615151515152,3.75,4.5,0.841,2024
T20,"Moore, Taylor",3,-2.0,-0.042,0.67,0.093,0.352,1.114,1.072,308.175,0.69643,0.625,50.04386481481481,42.37828,0.5384625641025641,2.0,3.25,0.445,2024
T22,"McIlroy, Rory",4,1.0,0.153,-0.394,0.091,0.972,0.67,0.822,316.05,0.6428575,0.5138900000000001,37.65094035087719,79.65575714285714,0.6428571428571429,4.0,3.75,1.063,2024
T22,"English, Harris",4,-1.0,0.119,0.782,-0.212,0.133,0.703,0.822,296.475,0.7857125,0.569445,45.48232,59.91981428571428,0.6097587804878049,2.75,4.75,-0.079,2024
T22,"Niemann, Joaquin",4,1.0,-0.322,0.044,0.694,0.406,1.144,0.822,311.025,0.69643,0.63889,37.81073333333333,37.7930375,0.533335,4.75,5.75,1.1,2024
T22,"Fitzpatrick, Matt",4,3.0,1.622,-0.514,-0.646,0.36,-0.8,0.822,304.29999999999995,0.75,0.583335,42.90844745762712,91.48562,0.6315778947368421,3.5,4.25,-0.286,2024
T22,"Cantlay, Patrick",4,4.0,-0.679,0.37,0.978,0.155,1.502,0.822,310.925,0.75,0.597225,34.83323484848485,52.04657142857143,0.6451606451612903,2.5,3.75,1.132,2024
T22,"Bradley, Keegan",4,-3.0,0.527,-0.542,1.184,-0.347,0.295,0.822,304.25,0.6250025,0.63889,30.71649491525424,55.51979090909091,0.3928546428571429,3.75,4.75,0.837,2024
T22,"Scott, Adam",4,0.0,0.152,0.255,0.984,-0.569,0.67,0.822,303.875,0.6250025,0.597225,36.15318275862069,85.17589,0.5714271428571429,3.75,5.25,0.415,2024
T22,"Lee, Min Woo",4,-3.0,0.0,-0.63,0.135,1.317,0.822,0.822,316.075,0.7857125,0.625,41.65067857142857,46.192275,0.4523792857142857,4.0,2.75,1.452,2024
T30,"Day, Jason",5,-3.0,0.283,1.004,-0.185,-0.531,0.289,0.572,302.5,0.6250025,0.5833325,39.08629803921568,56.71969230769231,0.6578915789473685,3.25,3.75,-0.716,2024
T30,"Kim, Si Woo",5,-2.0,0.077,0.162,-0.574,0.907,0.495,0.572,299.175,0.8749975,0.5833325,40.95324561403508,80.28779999999999,0.6666674358974358,2.75,4.5,0.333,2024
T30,"Poston, J.T.",5,-2.0,-0.006,0.304,-0.11,0.384,0.579,0.572,299.725,0.7857149999999999,0.583335,47.547083050847455,64.72711818181818,0.54054,4.0,4.75,0.275,2024
T30,"Fowler, Rickie",5,0.0,0.188,0.718,0.69,-1.023,0.385,0.572,292.05,0.6607175,0.597225,38.193714285714286,56.03366153846154,0.5483870967741935,3.0,3.25,-0.333,2024
T30,"Kim, Tom",5,-6.0,-0.556,-0.123,1.43,-0.178,1.129,0.572,294.48421052631574,0.7857149999999999,0.6249975000000001,36.99621428571428,83.32787777777777,0.5405410810810811,4.0,6.75,1.252,2024
T35,"Villegas, Camilo",6,-3.0,0.81,0.831,0.241,-1.56,-0.488,0.322,290.75,0.6428575,0.5833349999999999,33.396453448275864,55.69749,0.624999688,4.25,5.75,-1.32,2024
T35,"Bhatia, Akshay",6,1.0,0.19,1.072,-1.205,0.265,0.132,0.322,301.6,0.6964325,0.5277775,41.56217931034483,54.80161,0.65000175,2.5,3.5,-0.94,2024
T35,"Kitayama, Kurt",6,-4.0,-0.158,0.036,-0.147,0.591,0.481,0.322,305.6210526315789,0.8214275,0.583335,38.08511864,75.03365,0.5116262790697674,3.25,5.75,0.444,2024
T38,"Conners, Corey",7,1.0,0.318,-0.513,0.591,-0.324,-0.246,0.072,301.05,0.7142850000000001,0.61111,36.53262542372882,49.237581818181816,0.531249375,2.75,4.5,0.267,2024
T38,"Henley, Russell",7,-1.0,0.097,0.241,-0.158,-0.109,-0.025,0.072,293.0,0.7857125,0.5972225,45.07598032786885,67.36221666666667,0.4705882352941176,2.5,5.25,-0.266,2024
T38,"List, Luke",7,2.0,-0.03,0.769,0.203,-0.869,0.102,0.072,307.7,0.6071425,0.5833375000000001,40.55685818181818,62.45019285714285,0.5151533333333334,4.0,6.75,-0.666,2024
T38,"Matsuyama, Hideki",7,2.0,0.136,0.26,-0.471,0.146,-0.064,0.072,308.825,0.625,0.5416650000000001,38.81317407407407,57.02648461538462,0.57499875,2.5,4.75,-0.324,2024
T38,"Fox, Ryan",7,3.0,-0.403,0.765,-0.766,0.478,0.475,0.072,312.325,0.6607175,0.5416650000000001,43.91311132075472,58.04574,0.5641038461538461,3.5,6.25,-0.289,2024
T43,"Mickelson, Phil",8,2.0,0.57,-0.557,0.435,-0.625,-0.747,-0.178,296.3,0.6428575,0.5972225,45.76662181818182,53.69773333333333,0.4848490909090909,2.5,4.5,-0.19,2024
T43,"Lowry, Shane",8,2.0,-1.945,-0.005,1.611,0.16,1.766,-0.178,301.20000000000005,0.7678575,0.6111125,34.67021578947369,46.9120625,0.515150606,2.5,5.75,1.771,2024
T45,"Koepka, Brooks",9,3.0,0.783,-1.095,-0.356,0.24,-1.211,-0.428,309.8,0.6428575,0.5,37.094432727272725,53.61276,0.5365841463414633,4.0,5.25,-0.116,2024
T45,"Rahm, Jon",9,4.0,-1.047,0.084,0.484,0.051,0.619,-0.428,308.0,0.69643,0.7083349999999999,43.88404242424242,35.27413333333333,0.576925,3.0,5.5,0.534,2024
T45,"Willett, Danny",9,6.0,-0.04,-0.682,0.702,-0.407,-0.388,-0.428,294.275,0.6250025,0.5833349999999999,37.15216,64.22516923076924,0.44999875,3.5,5.0,0.295,2024
T45,"McCarthy, Denny",9,-2.0,1.186,-0.745,-0.077,-0.793,-1.614,-0.428,293.1877192982456,0.6785725,0.5694425,42.89493928571429,69.61963333333333,0.5405394594594595,3.25,3.0,-0.87,2024
T45,"Theegala, Sahith",9,3.0,0.034,-0.683,-0.275,0.495,-0.462,-0.428,305.275,0.7142875,0.555555,40.27234905660377,52.293283333333335,0.5652184782608696,3.0,4.75,0.221,2024
T45,"Olazabal, Jose Maria",9,0.0,0.471,0.62,-0.04,-1.479,-0.898,-0.428,266.32500000000005,0.7857149999999999,0.52778,40.17008644067796,110.19425,0.5999988571428571,2.75,4.25,-1.519,2024
51,"Murray, Grayson",10,-2.0,-1.093,0.238,0.234,-0.057,0.415,-0.678,302.475,0.6964275,0.5694425000000001,39.372175438596486,45.28811818181818,0.5000031578947368,4.25,6.25,0.177,2024
52,"Cole, Eric",11,1.0,-0.383,0.235,-0.421,-0.359,-0.545,-0.928,303.075,0.6607149999999999,0.51389,42.26598214285714,64.888425,0.5384612820512821,3.25,6.0,-0.78,2024
T53,"Hadwin, Adam",12,-2.0,0.676,0.21,-1.524,-0.54,-1.854,-1.178,296.85,0.625,0.4722225,41.21418461538462,80.23895625,0.5652184782608696,3.0,4.75,-2.064,2024
T53,"Shipley, Neal",12,1.0,0.03,-0.171,-0.079,-0.959,-1.208,-1.178,301.25,0.6607175,0.5277775,40.86732,91.7186375,0.59999975,4.75,8.0,-1.038,2024
T55,"Finau, Tony",13,8.0,-1.489,-1.273,-0.023,1.358,0.061,-1.428,312.25,0.7142875,0.625,40.02951724137931,68.43788181818182,0.4324321621621622,4.0,4.75,1.334,2024
T55,"Van Rooyen, Erik",13,4.0,0.054,-0.179,-0.378,-0.925,-1.482,-1.428,304.325,0.6428575,0.5833349999999999,43.71689844,82.8854,0.4666669999999999,1.75,5.25,-1.303,2024
T55,"Knapp, Jake",13,1.0,-0.846,-0.738,0.351,-0.195,-0.581,-1.428,300.975,0.6785725,0.5833325,41.45351525423729,81.58894000000001,0.4500015,2.5,4.0,0.156,2024
T58,"Singh, Vijay",14,0.0,-0.511,-0.013,-0.484,-0.67,-1.167,-1.678,288.575,0.7321425,0.6111125000000001,37.708756923076926,58.7571375,0.4444437037037037,3.5,4.25,-1.154,2024
T58,"Olesen, Thorbjorn",14,3.0,0.672,-1.36,-0.83,-0.16,-2.349,-1.678,297.2,0.7142850000000001,0.5416675,41.05706140350877,93.83399166666666,0.5227277272727273,4.0,6.25,-0.99,2024
60,"Woods, Tiger",16,5.0,-0.973,0.358,-0.688,-0.875,-1.205,-2.178,296.67017543859646,0.6607125,0.4305525,41.15684464285714,66.55138888888888,0.4680846808510638,1.75,4.25,-1.563,2024
1,"McIlroy, Rory",-11,1.0,-0.312,0.767,2.307,0.668,3.741,3.429,317.925,0.6250025,0.65278,33.29791578947368,42.54425,0.7931048275862069,6.5,4.5,2.974,2025
2,"Rose, Justin",-11,-6.0,1.075,0.351,1.763,0.24,2.354,3.429,295.625,0.7678575,0.76389,39.94991403508772,100.70193636363636,0.608695652,5.5,3.0,2.003,2025
3,"Reed, Patrick",-9,-3.0,0.394,0.931,0.992,0.612,2.534,2.929,297.975,0.8392825,0.6666675,40.31534098360655,78.89026249999999,0.687502188,2.75,2.5,1.603,2025
4,"Scheffler, Scottie",-8,-3.0,1.042,1.121,0.628,-0.113,1.636,2.679,304.85,0.71429,0.625,38.66827142857143,42.42063333333333,0.6470605882352942,4.5,3.0,0.515,2025
T5,"DeChambeau, Bryson",-7,3.0,0.598,1.627,-0.892,1.097,1.832,2.429,310.625,0.78571,0.5972225,43.58670317460317,84.93315555555556,0.6842107894736842,7.0,3.75,0.205,2025
T5,"Im, Sungjae",-7,-3.0,0.679,1.462,-0.06,0.347,1.749,2.429,298.05,0.80357,0.6388900000000001,36.90407166666667,64.76154285714286,0.65625125,4.5,4.0,0.287,2025
7,"Aberg, Ludvig",-6,0.0,0.895,0.545,0.081,0.657,1.284,2.179,312.45,0.7321425,0.6388875,30.81918103448276,91.3402,0.59375,3.25,3.5,0.739,2025
T8,"Day, Jason",-5,0.0,0.518,1.542,0.26,-0.391,1.411,1.929,292.9,0.7142875,0.625,42.98732903225806,89.75618888888889,0.8000003333333333,3.25,1.75,-0.131,2025
T8,"Conners, Corey",-5,3.0,0.152,0.099,1.343,0.335,1.777,1.929,293.55,0.8392850000000001,0.76389,44.974208196721314,36.47701666666667,0.73913,3.5,2.5,1.678,2025
T8,"Schauffele, Xander",-5,-1.0,0.206,0.135,0.839,0.749,1.723,1.929,309.25,0.7499975,0.75,31.2010234375,94.4433714285714,0.652174348,3.5,3.5,1.588,2025
T8,"Johnson, Zach",-5,-1.0,1.085,0.582,0.325,-0.063,0.844,1.929,284.775,0.892855,0.625,43.52222615384616,26.88436,0.5666653333333334,5.0,4.25,0.262,2025
T12,"Homa, Max",-4,-1.0,1.329,-0.243,0.994,-0.401,0.35,1.679,305.975,0.607145,0.597225,34.305033333333334,62.82725,0.6571431428571428,5.5,5.5,0.593,2025
T12,"English, Harris",-4,-4.0,0.708,0.29,1.278,-0.596,0.972,1.679,299.075,0.69643,0.708335,37.216,76.48335714285713,0.5217386956521739,4.0,4.0,0.682,2025
T14,"Watson, Bubba",-3,-4.0,2.325,-0.425,-0.57,0.098,-0.896,1.429,300.54999999999995,0.6964325,0.5694425,42.56627407407407,65.46516428571428,0.6666644444444445,4.5,3.75,-0.472,2025
T14,"Rahm, Jon",-3,-3.0,0.807,0.575,-0.374,0.421,0.622,1.429,305.925,0.7142850000000001,0.63889,40.01195438596491,67.17315555555555,0.696970606,2.75,3.25,0.047,2025
T14,"Hoge, Tom",-3,-1.0,0.696,-1.004,1.729,0.008,0.733,1.429,295.325,0.7857149999999999,0.569445,34.205145,56.157242857142855,0.6052623684210526,4.5,4.25,1.737,2025
T14,"Morikawa, Collin",-3,0.0,-0.18,-0.302,1.35,0.561,1.608,1.429,297.425,0.80357,0.6527775,33.84809107142857,64.8398,0.4857134285714286,2.5,3.5,1.91,2025
T14,"Spieth, Jordan",-3,-2.0,1.351,0.515,-1.328,0.891,0.078,1.429,303.725,0.7857125,0.6250025,40.22020327868853,107.839225,0.6756737837837838,3.0,3.5,-0.436,2025
T14,"Hatton, Tyrrell",-3,-1.0,-0.777,0.538,0.524,1.144,2.206,1.429,305.775,0.8749975,0.7083325,40.19788787878788,44.12106666666666,0.6206875862068966,2.5,3.5,1.668,2025
T14,"McCarty, Matt",-3,-1.0,0.677,0.201,0.758,-0.208,0.751,1.429,298.65,0.732145,0.6527775,35.86144068,86.75274,0.6774203225806452,4.0,4.5,0.55,2025
T21,"Fleetwood, Tommy",-2,-3.0,-1.214,1.519,0.198,0.675,2.393,1.179,297.225,0.8749975,0.6111125,39.019323437500006,60.88556,0.6176455882352941,3.0,3.25,0.874,2025
T21,"Berger, Daniel",-2,-3.0,0.067,-0.135,0.903,0.344,1.112,1.179,296.675,0.8392850000000001,0.7222225,39.37391,86.7647,0.5517262068965517,3.75,3.0,1.246,2025
T21,"An, Byeong Hun",-2,-1.0,-0.277,0.815,0.234,0.407,1.456,1.179,310.55,0.6964275,0.63889,34.37144310344828,79.34733846153847,0.7096783870967742,3.25,5.0,0.641,2025
T21,"Matsuyama, Hideki",-2,-6.0,-1.015,0.303,1.902,-0.011,2.195,1.179,301.575,0.7321425,0.805555,31.54645833333333,51.5938,0.5555583333333334,3.0,5.25,1.892,2025
T21,"Hovland, Viktor",-2,1.0,0.665,-0.043,0.992,-0.435,0.514,1.179,302.85,0.732145,0.63889,35.04695090909091,54.75613,0.6060593939393939,4.25,4.75,0.557,2025
T21,"Riley, Davis",-2,-3.0,0.347,-0.169,1.497,-0.496,0.832,1.179,303.9,0.7142850000000001,0.65278,39.780085964912274,38.7987375,0.5806448387096774,3.25,4.75,1.001,2025
T27,"Kim, Michael",-1,-1.0,0.809,-0.029,0.387,-0.239,0.119,0.929,299.275,0.6071425,0.5972225,42.03842181818182,63.94836875,0.7352961764705883,2.5,2.5,0.148,2025
T27,"Rai, Aaron",-1,-2.0,-0.058,0.575,0.202,0.208,0.986,0.929,286.05,0.9107125,0.694445,34.877238709677414,82.071325,0.5185192592592592,3.5,2.5,0.411,2025
T29,"Niemann, Joaquin",0,0.0,-0.645,0.226,0.599,0.499,1.324,0.679,313.4,0.7142875,0.75,33.79526551724138,32.24273,0.6799976000000001,3.25,3.5,1.099,2025
T29,"McCarthy, Denny",0,-1.0,0.717,-0.06,-0.013,0.036,-0.038,0.679,295.0,0.8035675,0.5972225,44.54174848484848,64.47214,0.7058805882352941,2.5,2.75,0.022,2025
T29,"Theegala, Sahith",0,-1.0,0.361,-0.845,1.125,0.037,0.317,0.679,301.575,0.69643,0.6388875,37.94774716981132,58.320625,0.4722227777777777,4.25,3.75,1.162,2025
T32,"Campbell, Brian",1,-4.0,0.679,-0.801,1.308,-0.758,-0.249,0.429,280.7,0.85714,0.6388900000000001,33.201555,82.18091666666666,0.5714291428571429,3.5,3.0,0.551,2025
T32,"McNealy, Maverick",1,1.0,-0.96,0.915,-0.071,0.544,1.389,0.429,308.525,0.6964325,0.6527775,42.24436440677966,103.2839818181818,0.5454554545454545,4.0,5.0,0.473,2025
T32,"Greyserman, Max",1,2.0,1.198,0.109,-0.728,-0.15,-0.769,0.429,305.025,0.7142875,0.6250025,44.74527692307692,114.88237,0.6666656666666667,3.75,3.75,-0.878,2025
T32,"Hojgaard, Rasmus",1,2.0,0.29,-0.322,-0.093,0.555,0.139,0.429,316.175,0.6785725,0.63889,41.10437017543859,95.10005833333334,0.589744359,3.75,4.75,0.462,2025
T36,"Thomas, Justin",2,-2.0,0.276,0.867,-0.278,-0.686,-0.098,0.179,295.3,0.6607149999999999,0.625,36.2998,81.77262,0.5806451612903225,3.5,5.5,-0.964,2025
T36,"Harman, Brian",2,-1.0,0.793,-0.038,-0.117,-0.459,-0.614,0.179,291.275,0.80357,0.6666675,38.3336,99.545125,0.5833325,3.25,3.5,-0.576,2025
T36,"Schwartzel, Charl",2,0.0,0.1,-0.054,0.121,0.012,0.08,0.179,295.0,0.767855,0.6666675,39.598014285714285,44.015655555555554,0.500001875,2.5,2.5,0.133,2025
T36,"Cantlay, Patrick",2,-1.0,0.578,-1.486,0.247,0.839,-0.399,0.179,310.4,0.7321425,0.66667,40.43091896551724,60.64726666666667,0.6060630303030303,2.5,4.25,1.087,2025
T40,"Taylor, Nick",3,1.0,0.087,0.457,-0.687,0.071,-0.159,-0.071,292.625,0.767855,0.625,39.28621666666666,104.12095,0.6176464705882353,2.5,3.5,-0.616,2025
T40,"Fitzpatrick, Matt",3,1.0,0.0,0.422,-0.679,0.186,-0.071,-0.071,304.05,0.6964275,0.5833325,37.05076666666667,80.65125833333333,0.6285705714285714,3.5,4.0,-0.492,2025
T42,"Willett, Danny",4,1.0,1.464,-0.661,-0.577,-0.547,-1.785,-0.321,290.375,0.7857125,0.5833325,45.75720483870968,75.12007142857144,0.621622973,3.25,4.25,-1.124,2025
T42,"Poston, J.T.",4,1.0,-0.064,-0.274,-0.009,0.025,-0.257,-0.321,289.65,0.8392825,0.625,49.65009365079365,39.81229999999999,0.6285711428571429,2.5,4.5,0.016,2025
T42,"Lowry, Shane",4,9.0,-0.079,0.057,0.203,-0.502,-0.242,-0.321,294.775,0.69643,0.555555,39.05392923076924,43.0465375,0.531250625,3.0,4.75,-0.299,2025
T42,"Bhatia, Akshay",4,-1.0,0.452,0.147,-0.464,-0.455,-0.773,-0.321,300.225,0.6428575,0.5833325,39.57546111111111,80.80199285714285,0.5526302631578948,3.5,6.0,-0.919,2025
T46,"Burns, Sam",5,3.0,0.096,-0.117,-0.875,0.326,-0.666,-0.571,308.175,0.7500025,0.597225,40.95582307692308,31.997840000000004,0.5428585714285714,3.0,6.75,-0.549,2025
T46,"Clark, Wyndham",5,2.0,-0.327,0.124,-0.664,0.295,-0.244,-0.571,304.1,0.7321425,0.583335,37.41668333333333,67.72596666666666,0.6857125714285714,3.25,5.25,-0.369,2025
T46,"Thompson, Davis",5,7.0,-1.669,0.025,1.423,-0.35,1.098,-0.571,299.75,0.6785725,0.6666675,35.43147288135593,57.5605,0.5357135714285715,3.0,6.25,1.073,2025
49,"Lee, Min Woo",6,2.0,-0.996,0.704,-0.39,-0.139,0.174,-0.821,315.075,0.6428575,0.6527775,44.52006964285714,60.46484615384615,0.5151515151515151,3.25,5.0,-0.529,2025
50,"Spaun, J.J.",7,3.0,0.197,-1.275,-0.617,0.624,-1.267,-1.071,298.075,0.8392850000000001,0.6666675,39.88251186440678,60.81857142857143,0.4285705714285714,2.25,4.0,0.007,2025
51,"Echavarria, Nico",8,12.0,-0.58,0.146,-0.347,-0.541,-0.742,-1.321,289.2,0.7142875,0.5972225,39.64316909090909,68.63548461538463,0.5789484210526316,3.0,4.5,-0.888,2025
T52,"Jaeger, Stephan",9,6.0,-0.54,-0.11,0.374,-1.296,-1.031,-1.571,302.075,0.57143,0.6527775,40.78934528301887,78.14633571428571,0.548388065,3.0,4.25,-0.921,2025
T52,"Kim, Tom",9,7.0,0.292,-0.169,-1.058,-0.636,-1.863,-1.571,295.025,0.75,0.5,49.51926935483871,61.34914285714286,0.6428557142857143,2.0,5.5,-1.694,2025
